"x_predictions","y_predcitions"
"1",70.8174005185466,21.7025115371979
"2",74.0692066991971,12.1211293539397
"3",58.6008601706811,14.2892302138388
"4",45.5816995593231,22.4629970208401
"5",54.4479402896762,32.9006291708569
"6",70.4702793435868,20.9983302419099
"7",64.8554545407761,8.89846925612543
"8",61.1271682178325,23.080930502386
"9",69.1745477889901,25.6006754159829
"10",71.7325509745709,30.0096446223573
